<application>
  <component name="FileTypeManager" version="19">
    <ignoreFiles list="*$py.class;*.pyc;*.pyo;*.rbc;*.yarb;*~;.DS_Store;.git;.hg;.mypy_cache;.pytest_cache;.ruff_cache;.svn;CVS;__pycache__;_svn;vssver.scc;vssver2.scc" />
    <extensionMap>
      <mapping pattern="DS_Store" type="AUTO_DETECTED" />
      <mapping ext="exe" type="PLAIN_TEXT" />
      <mapping ext="dat" type="PLAIN_TEXT" />
      <removed_mapping ext="pdf" approved="true" type="Native" />
      <removed_mapping ext="properties" approved="true" type="Properties" />
    </extensionMap>
  </component>
</application>