<application>
  <component name="GraziConfig">
    <option name="userDisabledRules">
      <set>
        <option value="Grazie.RuleEngine.En.Grammar.UNEXPECTED_VERB" />
      </set>
    </option>
    <option name="suppressingContext">
      <SuppressingContext>
        <option name="suppressed">
          <set>
            <option value=":" />
            <option value="emit|Forced emit after MAX" />
            <option value="on line" />
          </set>
        </option>
      </SuppressingContext>
    </option>
    <option name="detectionContext">
      <State>
        <option name="disabled">
          <set>
            <option value="ASTURIAN" />
          </set>
        </option>
      </State>
    </option>
  </component>
</application>