<application>
  <component name="ProjectManager">
    <defaultProject>
      <component name="PropertiesComponent"><![CDATA[{}]]></component>
      <component name="WindowStateProjectService">
        <state x="237" y="236" width="800" height="725" key="new project wizard" timestamp="1747280505767">
          <screen x="0" y="0" width="2560" height="1392" />
        </state>
        <state x="237" y="236" width="800" height="725" key="new project wizard/-2560.178.2560.1392/0.0.2560.1392" timestamp="1747280505767" />
      </component>
      <component name="masterDetails">
        <states>
          <state key="ProjectJDKs.UI">
            <settings>
              <last-edited>21</last-edited>
              <splitter-proportions>
                <option name="proportions">
                  <list>
                    <option value="0.2" />
                  </list>
                </option>
              </splitter-proportions>
            </settings>
          </state>
        </states>
      </component>
    </defaultProject>
  </component>
</application>