<application>
  <component name="Trusted.Paths">
    <option name="TRUSTED_PROJECT_PATHS">
      <map>
        <entry key="C:\BattleBeyz-dev\src\MeshObjects" value="true" />
        <entry key="C:\Projects\Competitive Programming" value="true" />
        <entry key="C:\Projects\Test" value="true" />
        <entry key="C:\Users\ricky\AppData\Roaming\JetBrains\CLion2024.1\light-edit" value="true" />
        <entry key="C:\Users\ricky\CompetitiveProgramming" value="true" />
        <entry key="C:\Users\ricky\CompetitiveProgramming\Other\Java" value="true" />
        <entry key="C:\Users\ricky\CompetitiveProgramming\Other\Java\CSES" value="true" />
        <entry key="C:\Users\ricky\CompetitiveProgramming\Other\Java\Codeforces" value="true" />
        <entry key="C:\Users\ricky\CompetitiveProgramming\Other\Java\untitled" value="true" />
        <entry key="C:\Users\ricky\OneDrive - University of Florida\Documents\BattleBeyz" value="true" />
        <entry key="C:\Users\ricky\OneDrive - University of Florida\Documents\CLASSES\COP4600_OneDrive\Ex5" value="true" />
        <entry key="C:\Users\ricky\OneDrive - University of Florida\Projects\Unreal Projects" value="true" />
        <entry key="C:\Users\ricky\OneDrive - University of Florida\Projects\Unreal Projects\BattleBeyz" value="true" />
        <entry key="C:\Users\ricky\Projects\Clippefficiency" value="true" />
      </map>
    </option>
  </component>
  <component name="Trusted.Paths.Settings">
    <option name="TRUSTED_PATHS">
      <list>
        <option value="C:\Users\ricky\AppData\Roaming\JetBrains\CLion2024.1" />
        <option value="C:\Users\ricky\OneDrive - University of Florida\Projects" />
        <option value="C:\Users\ricky" />
      </list>
    </option>
  </component>
</application>