<application>
  <component name="DimensionService">
    <location key="find.popup.0.0.2560.1440" x="185" y="592" />
    <size key="GridCell.Tab.0.left.0.0.2560.1440" width="2472" height="418" />
    <size key="GridCell.Tab.0.center.0.0.2560.1440" width="2472" height="418" />
    <size key="GridCell.Tab.0.right.0.0.2560.1440" width="2472" height="418" />
    <size key="GridCell.Tab.0.bottom.0.0.2560.1440" width="2472" height="418" />
    <size key="find.popup.0.0.2560.1440" width="801" height="650" />
    <size key="GridCell.Tab.0.left.-2560.178.2560.1440" width="2478" height="417" />
    <size key="GridCell.Tab.0.center.-2560.178.2560.1440" width="2478" height="417" />
    <size key="GridCell.Tab.0.right.-2560.178.2560.1440" width="2478" height="417" />
    <size key="GridCell.Tab.0.bottom.-2560.178.2560.1440" width="2478" height="417" />
    <size key="GridCell.Tab.1.left.0.0.2560.1440" width="2472" height="418" />
    <size key="GridCell.Tab.1.center.0.0.2560.1440" width="2472" height="418" />
    <size key="GridCell.Tab.1.right.0.0.2560.1440" width="2472" height="418" />
    <size key="GridCell.Tab.1.bottom.0.0.2560.1440" width="2472" height="418" />
    <size key="GridCell.Tab.2.left.0.0.2560.1440" width="2472" height="418" />
    <size key="GridCell.Tab.2.center.0.0.2560.1440" width="2472" height="418" />
    <size key="GridCell.Tab.2.right.0.0.2560.1440" width="2472" height="418" />
    <size key="GridCell.Tab.2.bottom.0.0.2560.1440" width="2472" height="418" />
    <size key="GridCell.Tab.3.left.0.0.2560.1440" width="2472" height="418" />
    <size key="GridCell.Tab.3.center.0.0.2560.1440" width="2472" height="418" />
    <size key="GridCell.Tab.3.right.0.0.2560.1440" width="2472" height="418" />
    <size key="GridCell.Tab.3.bottom.0.0.2560.1440" width="2472" height="418" />
    <size key="GridCell.Tab.4.left.0.0.2560.1440" width="2472" height="418" />
    <size key="GridCell.Tab.4.center.0.0.2560.1440" width="2472" height="418" />
    <size key="GridCell.Tab.4.right.0.0.2560.1440" width="2472" height="418" />
    <size key="GridCell.Tab.4.bottom.0.0.2560.1440" width="2472" height="418" />
    <size key="GridCell.Tab.5.left.0.0.2560.1440" width="2472" height="418" />
    <size key="GridCell.Tab.5.center.0.0.2560.1440" width="2472" height="418" />
    <size key="GridCell.Tab.5.right.0.0.2560.1440" width="2472" height="418" />
    <size key="GridCell.Tab.5.bottom.0.0.2560.1440" width="2472" height="418" />
  </component>
  <component name="WindowManager">
    <frame x="-8" y="-8" width="2576" height="1408" />
  </component>
  <component name="WindowStateApplicationService">
    <state width="577" height="111" key="ShowUsagesActions.dimensionServiceKey" timestamp="1748368830664">
      <screen x="0" y="0" width="2560" height="1392" />
    </state>
    <state width="577" height="111" key="ShowUsagesActions.dimensionServiceKey/-2560.178.2560.1392/0.0.2560.1392" timestamp="1748368830664" />
    <state width="764" height="499" key="ShowUsagesActions.dimensionServiceKey/0.0.2560.1392/-2560.178.2560.1392" timestamp="1748253361898" />
  </component>
</application>