<application>
  <component name="DimensionService">
    <location key="find.popup.0.0.2560.1440" x="404" y="135" />
    <size key="GridCell.Tab.0.left.0.0.2560.1440" width="2478" height="418" />
    <size key="GridCell.Tab.0.center.0.0.2560.1440" width="2478" height="418" />
    <size key="GridCell.Tab.0.right.0.0.2560.1440" width="2478" height="418" />
    <size key="GridCell.Tab.0.bottom.0.0.2560.1440" width="2478" height="418" />
    <size key="find.popup.0.0.2560.1440" width="656" height="576" />
    <size key="GridCell.Tab.0.left.-2560.178.2560.1440" width="2478" height="417" />
    <size key="GridCell.Tab.0.center.-2560.178.2560.1440" width="2478" height="417" />
    <size key="GridCell.Tab.0.right.-2560.178.2560.1440" width="2478" height="417" />
    <size key="GridCell.Tab.0.bottom.-2560.178.2560.1440" width="2478" height="417" />
    <size key="GridCell.Tab.1.left.0.0.2560.1440" width="2472" height="418" />
    <size key="GridCell.Tab.1.center.0.0.2560.1440" width="2472" height="418" />
    <size key="GridCell.Tab.1.right.0.0.2560.1440" width="2472" height="418" />
    <size key="GridCell.Tab.1.bottom.0.0.2560.1440" width="2472" height="418" />
  </component>
  <component name="WindowManager">
    <frame x="-18" y="43" width="2570" height="1402" extendedState="6" />
  </component>
  <component name="WindowStateApplicationService">
    <state width="635" height="159" key="ShowUsagesActions.dimensionServiceKey" timestamp="1747688167417">
      <screen x="0" y="0" width="2560" height="1392" />
    </state>
    <state width="635" height="159" key="ShowUsagesActions.dimensionServiceKey/-2560.178.2560.1392/0.0.2560.1392" timestamp="1747688167417" />
  </component>
</application>