<application>
  <component name="ProjectManager">
    <defaultProject>
      <component name="ProjectViewState">
        <option name="autoscrollToSource" value="true" />
        <option name="hideEmptyMiddlePackages" value="true" />
        <option name="openDirectoriesWithSingleClick" value="true" />
        <option name="showLibraryContents" value="true" />
      </component>
      <component name="WindowStateProjectService">
        <state x="581" y="243" key="FileChooserDialogImpl" timestamp="1745669569003">
          <screen x="0" y="0" width="1600" height="1019" />
        </state>
        <state x="581" y="243" key="FileChooserDialogImpl/0.0.1600.1019" timestamp="1745669569003" />
        <state x="581" y="243" key="FileChooserDialogImpl/0.0.1600.1019/-660.-2160.2560.1392" timestamp="1739134304193" />
      </component>
    </defaultProject>
  </component>
</application>