<application>
  <component name="CachedDictionaryState">
    <words>
      <w>adja</w>
      <w>ament</w>
      <w>apow</w>
      <w>asuf</w>
      <w>asum</w>
      <w>autotree</w>
      <w>bsuf</w>
      <w>cameracalibrator</w>
      <w>cdiv</w>
      <w>chkmn</w>
      <w>chkmx</w>
      <w>cind</w>
      <w>ckmax</w>
      <w>ckmin</w>
      <w>ckmn</w>
      <w>ckmx</w>
      <w>cntpow</w>
      <w>cntt</w>
      <w>cntz</w>
      <w>correcltly</w>
      <w>cout</w>
      <w>croots</w>
      <w>derangements</w>
      <w>distrobox</w>
      <w>ecorator</w>
      <w>eulerian</w>
      <w>evis</w>
      <w>fpow</w>
      <w>fvii</w>
      <w>fviii</w>
      <w>greenspace</w>
      <w>hdist</w>
      <w>hierholzer's</w>
      <w>imaplib</w>
      <w>infl</w>
      <w>invmod</w>
      <w>ipii</w>
      <w>jenga</w>
      <w>jsum</w>
      <w>kcnt</w>
      <w>lastx</w>
      <w>lavail</w>
      <w>lcnt</w>
      <w>leetcode</w>
      <w>lers</w>
      <w>libsdl</w>
      <w>llen</w>
      <w>lpre</w>
      <w>lspconfig</w>
      <w>lsum</w>
      <w>lval</w>
      <w>lvls</w>
      <w>madd</w>
      <w>maxdepth</w>
      <w>maxn</w>
      <w>maxt</w>
      <w>maxw</w>
      <w>mids</w>
      <w>mmul</w>
      <w>mpqq</w>
      <w>mseries</w>
      <w>mset</w>
      <w>mult</w>
      <w>mxlvl</w>
      <w>nadj</w>
      <w>noetic</w>
      <w>nonnegative</w>
      <w>notpos</w>
      <w>nrange</w>
      <w>nvis</w>
      <w>odometry</w>
      <w>pointgrey</w>
      <w>powerlevel</w>
      <w>powerups</w>
      <w>pows</w>
      <w>prebig</w>
      <w>premn</w>
      <w>premx</w>
      <w>presmall</w>
      <w>pretot</w>
      <w>querymx</w>
      <w>querypow</w>
      <w>querysum</w>
      <w>radj</w>
      <w>rainbowspace</w>
      <w>rall</w>
      <w>ravail</w>
      <w>rclcpp</w>
      <w>rcnt</w>
      <w>rdist</w>
      <w>readg</w>
      <w>redspace</w>
      <w>resetubuntupass</w>
      <w>rlen</w>
      <w>rmap</w>
      <w>rmset</w>
      <w>rostest</w>
      <w>rpar</w>
      <w>rset</w>
      <w>rsum</w>
      <w>rval</w>
      <w>segging</w>
      <w>segtree</w>
      <w>sortinv</w>
      <w>sprague</w>
      <w>subju</w>
      <w>subjugator</w>
      <w>talue</w>
      <w>teleop</w>
      <w>tempsz</w>
      <w>toctree</w>
      <w>tofix</w>
      <w>totpow</w>
      <w>trav</w>
      <w>unintuitively</w>
      <w>upre</w>
      <w>useda</w>
      <w>vimawesome</w>
      <w>vpii</w>
      <w>vpll</w>
      <w>vval</w>
      <w>vvll</w>
      <w>vvmi</w>
      <w>vvpii</w>
      <w>vvpll</w>
      <w>wpar</w>
      <w>xset</w>
      <w>ymap</w>
      <w>yset</w>
      <w>yvals</w>
      <w>zobelisk</w>
    </words>
  </component>
</application>