<application>
  <component name="Trusted.Paths">
    <option name="TRUSTED_PROJECT_PATHS">
      <map>
        <entry key="C:\Users\ricky\CLionProjects\Notes" value="true" />
        <entry key="C:\Users\ricky\CompetitiveProgramming" value="true" />
        <entry key="C:\Users\ricky\CompetitiveProgramming\Notes" value="true" />
        <entry key="C:\Users\ricky\Projects\Grading" value="true" />
        <entry key="C:\Users\ricky\mil2" value="true" />
        <entry key="\\wsl.localhost\Ubuntu\home\ricky\dev_ws\build" value="true" />
        <entry key="\\wsl.localhost\Ubuntu\home\ricky\dev_ws\src\mil2" value="true" />
        <entry key="\\wsl.localhost\Ubuntu\home\ricky\dev_ws\src\mil2\src\subjugator\command\subjugator_keyboard_control" value="true" />
        <entry key="\\wsl.localhost\Ubuntu\home\ricky\mil" value="true" />
        <entry key="\\wsl.localhost\Ubuntu\home\ricky\mil2" value="true" />
        <entry key="\\wsl.localhost\Ubuntu\home\ricky\mil2\src\subjugator\drivers\subjugator_keyboard_control" value="true" />
        <entry key="\\wsl.localhost\Ubuntu\home\ricky\mil2\src\subjugator\drivers\teleop_twist_keyboard" value="true" />
      </map>
    </option>
  </component>
  <component name="Trusted.Paths.Settings">
    <option name="TRUSTED_PATHS">
      <list>
        <option value="C:\Users\ricky" />
        <option value="\\wsl.localhost\Ubuntu\home\ricky" />
      </list>
    </option>
  </component>
</application>