<application>
  <component name="DimensionService">
    <location key="find.popup.0.0.2400.1601@144dpi" x="846" y="192" />
    <size key="GridCell.Tab.0.left.0.0.2400.1601@144dpi" width="2279" height="437" />
    <size key="GridCell.Tab.0.center.0.0.2400.1601@144dpi" width="2279" height="437" />
    <size key="GridCell.Tab.0.right.0.0.2400.1601@144dpi" width="2279" height="437" />
    <size key="GridCell.Tab.0.bottom.0.0.2400.1601@144dpi" width="2279" height="437" />
    <size key="GridCell.Tab.1.left.0.0.2400.1601@144dpi" width="2279" height="570" />
    <size key="GridCell.Tab.1.center.0.0.2400.1601@144dpi" width="2279" height="570" />
    <size key="GridCell.Tab.1.right.0.0.2400.1601@144dpi" width="2279" height="570" />
    <size key="GridCell.Tab.1.bottom.0.0.2400.1601@144dpi" width="2279" height="570" />
    <size key="GridCell.Tab.2.left.0.0.2400.1601@144dpi" width="2279" height="570" />
    <size key="GridCell.Tab.2.center.0.0.2400.1601@144dpi" width="2279" height="570" />
    <size key="GridCell.Tab.2.right.0.0.2400.1601@144dpi" width="2279" height="570" />
    <size key="GridCell.Tab.2.bottom.0.0.2400.1601@144dpi" width="2279" height="570" />
    <size key="GridCell.Tab.3.left.0.0.2400.1601@144dpi" width="2279" height="570" />
    <size key="GridCell.Tab.3.center.0.0.2400.1601@144dpi" width="2279" height="570" />
    <size key="GridCell.Tab.3.right.0.0.2400.1601@144dpi" width="2279" height="570" />
    <size key="GridCell.Tab.3.bottom.0.0.2400.1601@144dpi" width="2279" height="570" />
    <size key="GridCell.Tab.0.left.0.2160.2400.1601@144dpi" width="2279" height="434" />
    <size key="GridCell.Tab.0.center.0.2160.2400.1601@144dpi" width="2279" height="434" />
    <size key="GridCell.Tab.0.right.0.2160.2400.1601@144dpi" width="2279" height="434" />
    <size key="GridCell.Tab.0.bottom.0.2160.2400.1601@144dpi" width="2279" height="434" />
    <size key="GridCell.Tab.1.left.0.2160.2400.1601@144dpi" width="2279" height="434" />
    <size key="GridCell.Tab.1.center.0.2160.2400.1601@144dpi" width="2279" height="434" />
    <size key="GridCell.Tab.1.right.0.2160.2400.1601@144dpi" width="2279" height="434" />
    <size key="GridCell.Tab.1.bottom.0.2160.2400.1601@144dpi" width="2279" height="434" />
    <size key="GridCell.Tab.2.left.0.2160.2400.1601@144dpi" width="2279" height="434" />
    <size key="GridCell.Tab.2.center.0.2160.2400.1601@144dpi" width="2279" height="434" />
    <size key="GridCell.Tab.2.right.0.2160.2400.1601@144dpi" width="2279" height="434" />
    <size key="GridCell.Tab.2.bottom.0.2160.2400.1601@144dpi" width="2279" height="434" />
    <size key="GridCell.Tab.3.left.0.2160.2400.1601@144dpi" width="2279" height="434" />
    <size key="GridCell.Tab.3.center.0.2160.2400.1601@144dpi" width="2279" height="434" />
    <size key="GridCell.Tab.3.right.0.2160.2400.1601@144dpi" width="2279" height="434" />
    <size key="GridCell.Tab.3.bottom.0.2160.2400.1601@144dpi" width="2279" height="434" />
    <size key="GridCell.Tab.0.left.0.0.2400.1601@180dpi" width="2249" height="468" />
    <size key="GridCell.Tab.0.center.0.0.2400.1601@180dpi" width="2249" height="468" />
    <size key="GridCell.Tab.0.right.0.0.2400.1601@180dpi" width="2249" height="468" />
    <size key="GridCell.Tab.0.bottom.0.0.2400.1601@180dpi" width="2249" height="468" />
    <size key="find.popup.0.0.2400.1601@144dpi" width="974" height="864" />
    <size key="GridCell.Tab.0.left.0.0.2561.1440@144dpi" width="2438" height="491" />
    <size key="GridCell.Tab.0.center.0.0.2561.1440@144dpi" width="2438" height="491" />
    <size key="GridCell.Tab.0.right.0.0.2561.1440@144dpi" width="2438" height="491" />
    <size key="GridCell.Tab.0.bottom.0.0.2561.1440@144dpi" width="2438" height="491" />
    <size key="GridCell.Tab.1.left.0.0.2561.1440@144dpi" width="2279" height="491" />
    <size key="GridCell.Tab.1.center.0.0.2561.1440@144dpi" width="2279" height="491" />
    <size key="GridCell.Tab.1.right.0.0.2561.1440@144dpi" width="2279" height="491" />
    <size key="GridCell.Tab.1.bottom.0.0.2561.1440@144dpi" width="2279" height="491" />
    <size key="GridCell.Tab.2.left.0.0.2561.1440@144dpi" width="2279" height="491" />
    <size key="GridCell.Tab.2.center.0.0.2561.1440@144dpi" width="2279" height="491" />
    <size key="GridCell.Tab.2.right.0.0.2561.1440@144dpi" width="2279" height="491" />
    <size key="GridCell.Tab.2.bottom.0.0.2561.1440@144dpi" width="2279" height="491" />
    <size key="GridCell.Tab.3.left.0.0.2561.1440@144dpi" width="2279" height="491" />
    <size key="GridCell.Tab.3.center.0.0.2561.1440@144dpi" width="2279" height="491" />
    <size key="GridCell.Tab.3.right.0.0.2561.1440@144dpi" width="2279" height="491" />
    <size key="GridCell.Tab.3.bottom.0.0.2561.1440@144dpi" width="2279" height="491" />
    <size key="GridCell.Tab.0.left.0.-1440.2560.1440" width="2478" height="294" />
    <size key="GridCell.Tab.0.center.0.-1440.2560.1440" width="2478" height="294" />
    <size key="GridCell.Tab.0.right.0.-1440.2560.1440" width="2478" height="294" />
    <size key="GridCell.Tab.0.bottom.0.-1440.2560.1440" width="2478" height="294" />
  </component>
  <component name="WindowManager">
    <frame x="-11" y="-11" width="2423" height="1550" extendedState="6" />
  </component>
  <component name="WindowStateApplicationService">
    <state x="581" y="257" key="FileChooserDialogImpl" timestamp="1740084603453">
      <screen x="0" y="0" width="1600" height="1019" />
    </state>
    <state x="581" y="257" key="FileChooserDialogImpl/0.0.1600.1019" timestamp="1740084603453" />
    <state width="394" height="111" key="ShowUsagesActions.dimensionServiceKey" timestamp="1746818049219">
      <screen x="0" y="0" width="1600" height="1019" />
    </state>
    <state width="398" height="135" key="ShowUsagesActions.dimensionServiceKey/-1920.-845.1920.1008/0.-1440.2560.1392/0.0.1600.1019" timestamp="1746126842666" />
    <state width="398" height="135" key="ShowUsagesActions.dimensionServiceKey/0.0.1600.1019" timestamp="1746145931359" />
    <state width="394" height="111" key="ShowUsagesActions.dimensionServiceKey/0.0.1600.1019/-17.-1440.2560.1392/-2577.-1071.2560.1392" timestamp="1746818049219" />
    <state width="394" height="279" key="ShowUsagesActions.dimensionServiceKey/0.0.1600.1019/-17.-1440.2560.1392/-2577.-947.2560.1392" timestamp="1746483194682" />
    <state width="406" height="111" key="ShowUsagesActions.dimensionServiceKey/0.0.1600.1019/-1920.-788.1920.1032/0.-1440.2560.1392" timestamp="1740974059485" />
    <state width="394" height="135" key="ShowUsagesActions.dimensionServiceKey/0.0.1600.1019/-1920.-845.1920.1032/0.-1440.2560.1392" timestamp="1746154819813" />
    <state width="394" height="159" key="ShowUsagesActions.dimensionServiceKey/0.0.1600.1019/0.-1440.2560.1392" timestamp="1746406600963" />
    <state x="800" y="448" width="800" height="650" key="WELCOME_SCREEN" timestamp="1746632464865">
      <screen x="0" y="0" width="1600" height="1019" />
    </state>
    <state x="800" y="448" width="800" height="650" key="WELCOME_SCREEN/0.0.1600.1019/-17.-1440.2560.1392/-2577.-1071.2560.1392" timestamp="1746632464865" />
    <state x="800" y="448" width="800" height="650" key="WELCOME_SCREEN/0.0.1600.1019/-1920.-845.1920.1032/0.-1440.2560.1392" timestamp="1745140706261" />
  </component>
</application>